"Data Source","World Development Indicators",

"Last Updated Date","2019-10-28",

"Country Name","Country Code","Indicator Name","Indicator Code","1960","1961","1962","1963","1964","1965","1966","1967","1968","1969","1970","1971","1972","1973","1974","1975","1976","1977","1978","1979","1980","1981","1982","1983","1984","1985","1986","1987","1988","1989","1990","1991","1992","1993","1994","1995","1996","1997","1998","1999","2000","2001","2002","2003","2004","2005","2006","2007","2008","2009","2010","2011","2012","2013","2014","2015","2016","2017","2018","2019",
"Aruba","ABW","Internally displaced persons, new displacement associated with disasters (number of cases)","VC.IDP.NWDS","","","","","","","","","","","","","","","","","","","","","","","","","","","","","","","","","","","","","","","","","","","","","","","","","","","","","","","","","","","","",
"Afghanistan","AFG","Internally displaced persons, new displacement associated with disasters (number of cases)","VC.IDP.NWDS","","","","","","","","","","","","","","","","","","","","","","","","","","","","","","","","","","","","","","","","","","","","","","","","","3400","28000","71000","3000","30000","15000","13000","71000","7400","27000","435000","",
"Angola","AGO","Internally displaced persons, new displacement associated with disasters (number of cases)","VC.IDP.NWDS","","","","","","","","","","","","","","","","","","","","","","","","","","","","","","","","","","","","","","","","","","","","","","","","","","86000","79000","227000","6400","2500","","5600","19000","14000","11000","",
"Albania","ALB","Internally displaced persons, new displacement associated with disasters (number of cases)","VC.IDP.NWDS","","","","","","","","","","","","","","","","","","","","","","","","","","","","","","","","","","","","","","","","","","","","","","","","","","150","","","","450","24","4200","3100","3500","110","",
"Andorra","AND","Internally displaced persons, new displacement associated with disasters (number of cases)","VC.IDP.NWDS","","","","","","","","","","","","","","","","","","","","","","","","","","","","","","","","","","","","","","","","","","","","","","","","","","","","","","","","","","","","",
"Arab World","ARB","Internally displaced persons, new displacement associated with disasters (number of cases)","VC.IDP.NWDS","","","","","","","","","","","","","","","","","","","","","","","","","","","","","","","","","","","","","","","","","","","","","","","","","131600","","","","","","","202630","","","809177","",
"United Arab Emirates","ARE","Internally displaced persons, new displacement associated with disasters (number of cases)","VC.IDP.NWDS","","","","","","","","","","","","","","","","","","","","","","","","","","","","","","","","","","","","","","","","","","","","","","","","","","","","","","","","","","850","","",
"Argentina","ARG","Internally displaced persons, new displacement associated with disasters (number of cases)","VC.IDP.NWDS","","","","","","","","","","","","","","","","","","","","","","","","","","","","","","","","","","","","","","","","","","","","","","","","","640","","","","2000","6900","32000","36000","12000","27000","16000","",
"Armenia","ARM","Internally displaced persons, new displacement associated with disasters (number of cases)","VC.IDP.NWDS","","","","","","","","","","","","","","","","","","","","","","","","","","","","","","","","","","","","","","","","","","","","","","","","","","","","","","","","","","","","",
"American Samoa","ASM","Internally displaced persons, new displacement associated with disasters (number of cases)","VC.IDP.NWDS","","","","","","","","","","","","","","","","","","","","","","","","","","","","","","","","","","","","","","","","","","","","","","","","","","","","","","","","","","","4600","",
"Antigua and Barbuda","ATG","Internally displaced persons, new displacement associated with disasters (number of cases)","VC.IDP.NWDS","","","","","","","","","","","","","","","","","","","","","","","","","","","","","","","","","","","","","","","","","","","","","","","","","45","","","","","","","","","1400","","",
"Australia","AUS","Internally displaced persons, new displacement associated with disasters (number of cases)","VC.IDP.NWDS","","","","","","","","","","","","","","","","","","","","","","","","","","","","","","","","","","","","","","","","","","","","","","","","","1000","7500","1000","10000","16000","13000","1200","5700","3200","31000","11000","",
"Austria","AUT","Internally displaced persons, new displacement associated with disasters (number of cases)","VC.IDP.NWDS","","","","","","","","","","","","","","","","","","","","","","","","","","","","","","","","","","","","","","","","","","","","","","","","","","","","","","1000","","","250","","","",
"Azerbaijan","AZE","Internally displaced persons, new displacement associated with disasters (number of cases)","VC.IDP.NWDS","","","","","","","","","","","","","","","","","","","","","","","","","","","","","","","","","","","","","","","","","","","","","","","","","","200","32000","","36000","","","","","","390","",
"Burundi","BDI","Internally displaced persons, new displacement associated with disasters (number of cases)","VC.IDP.NWDS","","","","","","","","","","","","","","","","","","","","","","","","","","","","","","","","","","","","","","","","","","","","","","","","","2800","","1500","","","","13000","3100","6600","11000","35000","",
"Belgium","BEL","Internally displaced persons, new displacement associated with disasters (number of cases)","VC.IDP.NWDS","","","","","","","","","","","","","","","","","","","","","","","","","","","","","","","","","","","","","","","","","","","","","","","","","","","","","","","","","","","50","",
"Benin","BEN","Internally displaced persons, new displacement associated with disasters (number of cases)","VC.IDP.NWDS","","","","","","","","","","","","","","","","","","","","","","","","","","","","","","","","","","","","","","","","","","","","","","","","","150000","40000","275000","","10000","15000","","","960","3500","23000","",
"Burkina Faso","BFA","Internally displaced persons, new displacement associated with disasters (number of cases)","VC.IDP.NWDS","","","","","","","","","","","","","","","","","","","","","","","","","","","","","","","","","","","","","","","","","","","","","","","","","28000","150000","20000","","","1800","","3700","18000","8200","5100","",
"Bangladesh","BGD","Internally displaced persons, new displacement associated with disasters (number of cases)","VC.IDP.NWDS","","","","","","","","","","","","","","","","","","","","","","","","","","","","","","","","","","","","","","","","","","","","","","","","","61000","1342000","569000","400000","651000","1160000","543000","531000","614000","946000","78000","",
"Bulgaria","BGR","Internally displaced persons, new displacement associated with disasters (number of cases)","VC.IDP.NWDS","","","","","","","","","","","","","","","","","","","","","","","","","","","","","","","","","","","","","","","","","","","","","","","","","","","","","2100","","2300","820","24","22","50","",
"Bahrain","BHR","Internally displaced persons, new displacement associated with disasters (number of cases)","VC.IDP.NWDS","","","","","","","","","","","","","","","","","","","","","","","","","","","","","","","","","","","","","","","","","","","","","","","","","","","","","","","","","","","","",
"Bahamas, The","BHS","Internally displaced persons, new displacement associated with disasters (number of cases)","VC.IDP.NWDS","","","","","","","","","","","","","","","","","","","","","","","","","","","","","","","","","","","","","","","","","","","","","","","","","500","","","","","","","2800","3500","1600","230","",
"Bosnia and Herzegovina","BIH","Internally displaced persons, new displacement associated with disasters (number of cases)","VC.IDP.NWDS","","","","","","","","","","","","","","","","","","","","","","","","","","","","","","","","","","","","","","","","","","","","","","","","","","","","","","","91000","320","","","","",
"Belarus","BLR","Internally displaced persons, new displacement associated with disasters (number of cases)","VC.IDP.NWDS","","","","","","","","","","","","","","","","","","","","","","","","","","","","","","","","","","","","","","","","","","","","","","","","","","","","","","","","","","","","",
"Belize","BLZ","Internally displaced persons, new displacement associated with disasters (number of cases)","VC.IDP.NWDS","","","","","","","","","","","","","","","","","","","","","","","","","","","","","","","","","","","","","","","","","","","","","","","","","400","","","","","130","","250","3500","","","",
"Bermuda","BMU","Internally displaced persons, new displacement associated with disasters (number of cases)","VC.IDP.NWDS","","","","","","","","","","","","","","","","","","","","","","","","","","","","","","","","","","","","","","","","","","","","","","","","","","","","","","","","","","","","",
"Bolivia","BOL","Internally displaced persons, new displacement associated with disasters (number of cases)","VC.IDP.NWDS","","","","","","","","","","","","","","","","","","","","","","","","","","","","","","","","","","","","","","","","","","","","","","","","","","630","100000","11000","9000","4700","190000","11000","7000","3100","2400","",
"Brazil","BRA","Internally displaced persons, new displacement associated with disasters (number of cases)","VC.IDP.NWDS","","","","","","","","","","","","","","","","","","","","","","","","","","","","","","","","","","","","","","","","","","","","","","","","","309000","523000","230000","170000","35000","82000","150000","59000","14000","71000","86000","",
"Barbados","BRB","Internally displaced persons, new displacement associated with disasters (number of cases)","VC.IDP.NWDS","","","","","","","","","","","","","","","","","","","","","","","","","","","","","","","","","","","","","","","","","","","","","","","","","","","","","","","","","90","","","",
"Brunei Darussalam","BRN","Internally displaced persons, new displacement associated with disasters (number of cases)","VC.IDP.NWDS","","","","","","","","","","","","","","","","","","","","","","","","","","","","","","","","","","","","","","","","","","","","","","","","","","","","","","","51","","","94","","",
"Bhutan","BTN","Internally displaced persons, new displacement associated with disasters (number of cases)","VC.IDP.NWDS","","","","","","","","","","","","","","","","","","","","","","","","","","","","","","","","","","","","","","","","","","","","","","","","","","","","20000","","","","2900","690","","","",
"Botswana","BWA","Internally displaced persons, new displacement associated with disasters (number of cases)","VC.IDP.NWDS","","","","","","","","","","","","","","","","","","","","","","","","","","","","","","","","","","","","","","","","","","","","","","","","","","870","","","","1200","2000","250","","2000","1600","",
"Central African Republic","CAF","Internally displaced persons, new displacement associated with disasters (number of cases)","VC.IDP.NWDS","","","","","","","","","","","","","","","","","","","","","","","","","","","","","","","","","","","","","","","","","","","","","","","","","14000","15000","","","18000","14000","940","1100","7500","2900","9300","",
"Canada","CAN","Internally displaced persons, new displacement associated with disasters (number of cases)","VC.IDP.NWDS","","","","","","","","","","","","","","","","","","","","","","","","","","","","","","","","","","","","","","","","","","","","","","","","","2000","","","","","120000","5800","13000","93000","85000","19000","",
"Central Europe and the Baltics","CEB","Internally displaced persons, new displacement associated with disasters (number of cases)","VC.IDP.NWDS","","","","","","","","","","","","","","","","","","","","","","","","","","","","","","","","","","","","","","","","","","","","","","","","","","","","","","","","","","","","",
"Switzerland","CHE","Internally displaced persons, new displacement associated with disasters (number of cases)","VC.IDP.NWDS","","","","","","","","","","","","","","","","","","","","","","","","","","","","","","","","","","","","","","","","","","","","","","","","","","","","","","13","","360","","160","18","",
"Channel Islands","CHI","Internally displaced persons, new displacement associated with disasters (number of cases)","VC.IDP.NWDS","","","","","","","","","","","","","","","","","","","","","","","","","","","","","","","","","","","","","","","","","","","","","","","","","","","","","","","","","","","","",
"Chile","CHL","Internally displaced persons, new displacement associated with disasters (number of cases)","VC.IDP.NWDS","","","","","","","","","","","","","","","","","","","","","","","","","","","","","","","","","","","","","","","","","","","","","","","","","43000","700","2000000","4000","7300","3600","985000","1047000","16000","8300","2500","",
"China","CHN","Internally displaced persons, new displacement associated with disasters (number of cases)","VC.IDP.NWDS","","","","","","","","","","","","","","","","","","","","","","","","","","","","","","","","","","","","","","","","","","","","","","","","","18660000","4031000","15920000","4490000","5731000","5924000","3612000","3602000","7434000","4473000","3762000","",
"Cote d'Ivoire","CIV","Internally displaced persons, new displacement associated with disasters (number of cases)","VC.IDP.NWDS","","","","","","","","","","","","","","","","","","","","","","","","","","","","","","","","","","","","","","","","","","","","","","","","","","10000","","","","78","4500","","","","3200","",
"Cameroon","CMR","Internally displaced persons, new displacement associated with disasters (number of cases)","VC.IDP.NWDS","","","","","","","","","","","","","","","","","","","","","","","","","","","","","","","","","","","","","","","","","","","","","","","","","1000","","3000","","30000","10000","3500","11000","","","","",
"Congo, Dem. Rep.","COD","Internally displaced persons, new displacement associated with disasters (number of cases)","VC.IDP.NWDS","","","","","","","","","","","","","","","","","","","","","","","","","","","","","","","","","","","","","","","","","","","","","","","","","5100","130","98000","12000","23000","3800","24000","106000","130000","27000","81000","",
"Congo, Rep.","COG","Internally displaced persons, new displacement associated with disasters (number of cases)","VC.IDP.NWDS","","","","","","","","","","","","","","","","","","","","","","","","","","","","","","","","","","","","","","","","","","","","","","","","","","","","","","","","","","","","",
"Colombia","COL","Internally displaced persons, new displacement associated with disasters (number of cases)","VC.IDP.NWDS","","","","","","","","","","","","","","","","","","","","","","","","","","","","","","","","","","","","","","","","","","","","","","","","","63000","9100","3000000","149000","71000","11000","20000","4600","31000","25000","67000","",
"Comoros","COM","Internally displaced persons, new displacement associated with disasters (number of cases)","VC.IDP.NWDS","","","","","","","","","","","","","","","","","","","","","","","","","","","","","","","","","","","","","","","","","","","","","","","","","","","","","11000","","12000","","","94","","",
"Cabo Verde","CPV","Internally displaced persons, new displacement associated with disasters (number of cases)","VC.IDP.NWDS","","","","","","","","","","","","","","","","","","","","","","","","","","","","","","","","","","","","","","","","","","","","","","","","","","","","","","","2500","190","300","","","",
"Costa Rica","CRI","Internally displaced persons, new displacement associated with disasters (number of cases)","VC.IDP.NWDS","","","","","","","","","","","","","","","","","","","","","","","","","","","","","","","","","","","","","","","","","","","","","","","","","12000","2400","","2100","2000","65","","1100","5800","11000","5800","",
"Caribbean small states","CSS","Internally displaced persons, new displacement associated with disasters (number of cases)","VC.IDP.NWDS","","","","","","","","","","","","","","","","","","","","","","","","","","","","","","","","","","","","","","","","","","","","","","","","","","","","","","","","","","44632","1644","",
"Cuba","CUB","Internally displaced persons, new displacement associated with disasters (number of cases)","VC.IDP.NWDS","","","","","","","","","","","","","","","","","","","","","","","","","","","","","","","","","","","","","","","","","","","","","","","","","2730000","","","","352000","","","2000","1079000","1738000","52000","",
"Curacao","CUW","Internally displaced persons, new displacement associated with disasters (number of cases)","VC.IDP.NWDS","","","","","","","","","","","","","","","","","","","","","","","","","","","","","","","","","","","","","","","","","","","","","","","","","","","","","","","","","","","","",
"Cayman Islands","CYM","Internally displaced persons, new displacement associated with disasters (number of cases)","VC.IDP.NWDS","","","","","","","","","","","","","","","","","","","","","","","","","","","","","","","","","","","","","","","","","","","","","","","","","720","","","","","","","","","","","",
"Cyprus","CYP","Internally displaced persons, new displacement associated with disasters (number of cases)","VC.IDP.NWDS","","","","","","","","","","","","","","","","","","","","","","","","","","","","","","","","","","","","","","","","","","","","","","","","","","","","","","","","","40","","8","",
"Czech Republic","CZE","Internally displaced persons, new displacement associated with disasters (number of cases)","VC.IDP.NWDS","","","","","","","","","","","","","","","","","","","","","","","","","","","","","","","","","","","","","","","","","","","","","","","","","","","","","","26000","","","","","12","",
"Germany","DEU","Internally displaced persons, new displacement associated with disasters (number of cases)","VC.IDP.NWDS","","","","","","","","","","","","","","","","","","","","","","","","","","","","","","","","","","","","","","","","","","","","","","","","","","","","","","53000","","","2000","220","510","",
"Djibouti","DJI","Internally displaced persons, new displacement associated with disasters (number of cases)","VC.IDP.NWDS","","","","","","","","","","","","","","","","","","","","","","","","","","","","","","","","","","","","","","","","","","","","","","","","","","","","","","","","","","","9400","",
"Dominica","DMA","Internally displaced persons, new displacement associated with disasters (number of cases)","VC.IDP.NWDS","","","","","","","","","","","","","","","","","","","","","","","","","","","","","","","","","","","","","","","","","","","","","","","","","","","","96","","18","","710","","35000","350","",
"Denmark","DNK","Internally displaced persons, new displacement associated with disasters (number of cases)","VC.IDP.NWDS","","","","","","","","","","","","","","","","","","","","","","","","","","","","","","","","","","","","","","","","","","","","","","","","","","","","","","","","","","","","",
"Dominican Republic","DOM","Internally displaced persons, new displacement associated with disasters (number of cases)","VC.IDP.NWDS","","","","","","","","","","","","","","","","","","","","","","","","","","","","","","","","","","","","","","","","","","","","","","","","","8900","","","17000","43000","14000","11000","28000","52000","69000","27000","",
"Algeria","DZA","Internally displaced persons, new displacement associated with disasters (number of cases)","VC.IDP.NWDS","","","","","","","","","","","","","","","","","","","","","","","","","","","","","","","","","","","","","","","","","","","","","","","","","25000","2500","","","","340","4500","19000","2000","","19","",
"East Asia & Pacific (excluding high income)","EAP","Internally displaced persons, new displacement associated with disasters (number of cases)","VC.IDP.NWDS","","","","","","","","","","","","","","","","","","","","","","","","","","","","","","","","","","","","","","","","","","","","","","","","","24276685","7349800","19029900","9197800","10152200","14932832","10965826","7785530","15506033","8514540","9129230","",
"Early-demographic dividend","EAR","Internally displaced persons, new displacement associated with disasters (number of cases)","VC.IDP.NWDS","","","","","","","","","","","","","","","","","","","","","","","","","","","","","","","","","","","","","","","","","","","","","","","","","12860680","10387790","17575500","6160300","16228900","12017422","12308988","12602782","11860701","7365044","8610747","",
"East Asia & Pacific","EAS","Internally displaced persons, new displacement associated with disasters (number of cases)","VC.IDP.NWDS","","","","","","","","","","","","","","","","","","","","","","","","","","","","","","","","","","","","","","","","","","","","","","","","","24278485","7382300","19119650","10107600","10482800","15612742","11683477","8304670","16427753","8602204","9330868","",
"Europe & Central Asia (excluding high income)","ECA","Internally displaced persons, new displacement associated with disasters (number of cases)","VC.IDP.NWDS","","","","","","","","","","","","","","","","","","","","","","","","","","","","","","","","","","","","","","","","","","","","","","","","","","","","","","","152584","50700","12442","","16986","",
"Europe & Central Asia","ECS","Internally displaced persons, new displacement associated with disasters (number of cases)","VC.IDP.NWDS","","","","","","","","","","","","","","","","","","","","","","","","","","","","","","","","","","","","","","","","","","","","","","","","","","","","","","149733","","","56782","","41379","",
"Ecuador","ECU","Internally displaced persons, new displacement associated with disasters (number of cases)","VC.IDP.NWDS","","","","","","","","","","","","","","","","","","","","","","","","","","","","","","","","","","","","","","","","","","","","","","","","","14000","","500","","4800","7500","570","1900","289000","3000","4200","",
"Egypt, Arab Rep.","EGY","Internally displaced persons, new displacement associated with disasters (number of cases)","VC.IDP.NWDS","","","","","","","","","","","","","","","","","","","","","","","","","","","","","","","","","","","","","","","","","","","","","","","","","20000","","","","","","200","100","820","","8","",
"Euro area","EMU","Internally displaced persons, new displacement associated with disasters (number of cases)","VC.IDP.NWDS","","","","","","","","","","","","","","","","","","","","","","","","","","","","","","","","","","","","","","","","","","","","","","","","","","","","","","67090","","","42880","33082","23763","",
"Eritrea","ERI","Internally displaced persons, new displacement associated with disasters (number of cases)","VC.IDP.NWDS","","","","","","","","","","","","","","","","","","","","","","","","","","","","","","","","","","","","","","","","","","","","","","","","","","","","","","100","","","","","","",
"Spain","ESP","Internally displaced persons, new displacement associated with disasters (number of cases)","VC.IDP.NWDS","","","","","","","","","","","","","","","","","","","","","","","","","","","","","","","","","","","","","","","","","","","","","","","","","","","","15000","22000","2600","3800","4100","5400","2100","3300","",
"Estonia","EST","Internally displaced persons, new displacement associated with disasters (number of cases)","VC.IDP.NWDS","","","","","","","","","","","","","","","","","","","","","","","","","","","","","","","","","","","","","","","","","","","","","","","","","","","","","","","","","","","","",
"Ethiopia","ETH","Internally displaced persons, new displacement associated with disasters (number of cases)","VC.IDP.NWDS","","","","","","","","","","","","","","","","","","","","","","","","","","","","","","","","","","","","","","","","","","","","","","","","","73000","","10000","","20000","61000","49000","104000","347000","434000","296000","",
"European Union","EUU","Internally displaced persons, new displacement associated with disasters (number of cases)","VC.IDP.NWDS","","","","","","","","","","","","","","","","","","","","","","","","","","","","","","","","","","","","","","","","","","","","","","","","","","","","","","114390","","","45604","39630","25455","",
"Fragile and conflict affected situations","FCS","Internally displaced persons, new displacement associated with disasters (number of cases)","VC.IDP.NWDS","","","","","","","","","","","","","","","","","","","","","","","","","","","","","","","","","","","","","","","","","","","","","","","","","2731235","","2166900","","","1097344","581790","2082320","1117730","1658964","1802200","",
"Finland","FIN","Internally displaced persons, new displacement associated with disasters (number of cases)","VC.IDP.NWDS","","","","","","","","","","","","","","","","","","","","","","","","","","","","","","","","","","","","","","","","","","","","","","","","","20","","","","","30","","","","","51","",
"Fiji","FJI","Internally displaced persons, new displacement associated with disasters (number of cases)","VC.IDP.NWDS","","","","","","","","","","","","","","","","","","","","","","","","","","","","","","","","","","","","","","","","","","","","","","","","","","13000","18000","","27000","","800","","76000","370","12000","",
"France","FRA","Internally displaced persons, new displacement associated with disasters (number of cases)","VC.IDP.NWDS","","","","","","","","","","","","","","","","","","","","","","","","","","","","","","","","","","","","","","","","","","","","","","","","","870","","4500","","","6700","4100","120","190","21000","6300","",
"Faroe Islands","FRO","Internally displaced persons, new displacement associated with disasters (number of cases)","VC.IDP.NWDS","","","","","","","","","","","","","","","","","","","","","","","","","","","","","","","","","","","","","","","","","","","","","","","","","","","","","","","","","","","","",
"Micronesia, Fed. Sts.","FSM","Internally displaced persons, new displacement associated with disasters (number of cases)","VC.IDP.NWDS","","","","","","","","","","","","","","","","","","","","","","","","","","","","","","","","","","","","","","","","","","","","","","","","","","","","","","","","6800","","","","",
"Gabon","GAB","Internally displaced persons, new displacement associated with disasters (number of cases)","VC.IDP.NWDS","","","","","","","","","","","","","","","","","","","","","","","","","","","","","","","","","","","","","","","","","","","","","","","","","","800","","","1600","1800","","","","8","","",
"United Kingdom","GBR","Internally displaced persons, new displacement associated with disasters (number of cases)","VC.IDP.NWDS","","","","","","","","","","","","","","","","","","","","","","","","","","","","","","","","","","","","","","","","","","","","","","","","","","","","","300","20000","620","6100","1200","6200","160","",
"Georgia","GEO","Internally displaced persons, new displacement associated with disasters (number of cases)","VC.IDP.NWDS","","","","","","","","","","","","","","","","","","","","","","","","","","","","","","","","","","","","","","","","","","","","","","","","","","","","","","1500","120","1200","","","310","",
"Ghana","GHA","Internally displaced persons, new displacement associated with disasters (number of cases)","VC.IDP.NWDS","","","","","","","","","","","","","","","","","","","","","","","","","","","","","","","","","","","","","","","","","","","","","","","","","14000","52000","","49000","","31000","","9300","7900","23000","61000","",
"Gibraltar","GIB","Internally displaced persons, new displacement associated with disasters (number of cases)","VC.IDP.NWDS","","","","","","","","","","","","","","","","","","","","","","","","","","","","","","","","","","","","","","","","","","","","","","","","","","","","","","","","","","","","",
"Guinea","GIN","Internally displaced persons, new displacement associated with disasters (number of cases)","VC.IDP.NWDS","","","","","","","","","","","","","","","","","","","","","","","","","","","","","","","","","","","","","","","","","","","","","","","","","","","","4500","","300","","34000","490","710","3900","",
"Gambia, The","GMB","Internally displaced persons, new displacement associated with disasters (number of cases)","VC.IDP.NWDS","","","","","","","","","","","","","","","","","","","","","","","","","","","","","","","","","","","","","","","","","","","","","","","","","400","","25000","","7700","400","","","4600","880","","",
"Guinea-Bissau","GNB","Internally displaced persons, new displacement associated with disasters (number of cases)","VC.IDP.NWDS","","","","","","","","","","","","","","","","","","","","","","","","","","","","","","","","","","","","","","","","","","","","","","","","","750","","2000","","","","","","","","3700","",
"Equatorial Guinea","GNQ","Internally displaced persons, new displacement associated with disasters (number of cases)","VC.IDP.NWDS","","","","","","","","","","","","","","","","","","","","","","","","","","","","","","","","","","","","","","","","","","","","","","","","","","","","","","","","","","","","",
"Greece","GRC","Internally displaced persons, new displacement associated with disasters (number of cases)","VC.IDP.NWDS","","","","","","","","","","","","","","","","","","","","","","","","","","","","","","","","","","","","","","","","","","","","","","","","","","330","","","","60","8200","270","2900","800","9200","",
"Grenada","GRD","Internally displaced persons, new displacement associated with disasters (number of cases)","VC.IDP.NWDS","","","","","","","","","","","","","","","","","","","","","","","","","","","","","","","","","","","","","","","","","","","","","","","","","","","","","","","","","","150","27","",
"Greenland","GRL","Internally displaced persons, new displacement associated with disasters (number of cases)","VC.IDP.NWDS","","","","","","","","","","","","","","","","","","","","","","","","","","","","","","","","","","","","","","","","","","","","","","","","","","","","","","","","","","78","170","",
"Guatemala","GTM","Internally displaced persons, new displacement associated with disasters (number of cases)","VC.IDP.NWDS","","","","","","","","","","","","","","","","","","","","","","","","","","","","","","","","","","","","","","","","","","","","","","","","","18000","990","163000","29000","64000","80","10000","2900","1700","45000","27000","",
"Guam","GUM","Internally displaced persons, new displacement associated with disasters (number of cases)","VC.IDP.NWDS","","","","","","","","","","","","","","","","","","","","","","","","","","","","","","","","","","","","","","","","","","","","","","","","","","","","","","","","","","","2400","",
"Guyana","GUY","Internally displaced persons, new displacement associated with disasters (number of cases)","VC.IDP.NWDS","","","","","","","","","","","","","","","","","","","","","","","","","","","","","","","","","","","","","","","","","","","","","","","","","","","","","","","","","","200","170","",
"High income","HIC","Internally displaced persons, new displacement associated with disasters (number of cases)","VC.IDP.NWDS","","","","","","","","","","","","","","","","","","","","","","","","","","","","","","","","","","","","","","","","","","","","","","","","","","","","","","1114992","1786668","1684220","2274100","2039343","1508401","",
"Hong Kong SAR, China","HKG","Internally displaced persons, new displacement associated with disasters (number of cases)","VC.IDP.NWDS","","","","","","","","","","","","","","","","","","","","","","","","","","","","","","","","","","","","","","","","","","","","","","","","","","","","","","","","","220","3300","1400","",
"Honduras","HND","Internally displaced persons, new displacement associated with disasters (number of cases)","VC.IDP.NWDS","","","","","","","","","","","","","","","","","","","","","","","","","","","","","","","","","","","","","","","","","","","","","","","","","70000","2300","8000","12000","","","2500","2000","890","","17000","",
"Heavily indebted poor countries (HIPC)","HPC","Internally displaced persons, new displacement associated with disasters (number of cases)","VC.IDP.NWDS","","","","","","","","","","","","","","","","","","","","","","","","","","","","","","","","","","","","","","","","","","","","","","","","","964450","","2790350","","1723320","1117058","748890","966625","1138740","2348634","2101943","",
"Croatia","HRV","Internally displaced persons, new displacement associated with disasters (number of cases)","VC.IDP.NWDS","","","","","","","","","","","","","","","","","","","","","","","","","","","","","","","","","","","","","","","","","","","","","","","","","","","","","","","18000","1000","","230","140","",
"Haiti","HTI","Internally displaced persons, new displacement associated with disasters (number of cases)","VC.IDP.NWDS","","","","","","","","","","","","","","","","","","","","","","","","","","","","","","","","","","","","","","","","","","","","","","","","","139000","9900","1573000","500","86000","1100","6500","1500","180000","15000","8800","",
"Hungary","HUN","Internally displaced persons, new displacement associated with disasters (number of cases)","VC.IDP.NWDS","","","","","","","","","","","","","","","","","","","","","","","","","","","","","","","","","","","","","","","","","","","","","","","","","","","","","","1300","290","","","96","","",
"IBRD only","IBD","Internally displaced persons, new displacement associated with disasters (number of cases)","VC.IDP.NWDS","","","","","","","","","","","","","","","","","","","","","","","","","","","","","","","","","","","","","","","","","","","","","","","","","29761740","14027340","27122100","12680700","19545530","17381440","15975253","11401892","18225121","10671506","11885743","",
"IDA & IBRD total","IBT","Internally displaced persons, new displacement associated with disasters (number of cases)","VC.IDP.NWDS","","","","","","","","","","","","","","","","","","","","","","","","","","","","","","","","","","","","","","","","","","","","","","","","","33485175","16615270","42227450","14013796","30510650","20926808","18342229","18559707","20782203","15018939","15553413","",
"IDA total","IDA","Internally displaced persons, new displacement associated with disasters (number of cases)","VC.IDP.NWDS","","","","","","","","","","","","","","","","","","","","","","","","","","","","","","","","","","","","","","","","","","","","","","","","","3723435","2587930","15105350","1333096","10965120","3545368","2366976","7157815","2557082","4347433","3667670","",
"IDA blend","IDB","Internally displaced persons, new displacement associated with disasters (number of cases)","VC.IDP.NWDS","","","","","","","","","","","","","","","","","","","","","","","","","","","","","","","","","","","","","","","","","","","","","","","","","","352000","11695100","325396","8199000","762864","828500","1220820","209880","205740","1031477","",
"Indonesia","IDN","Internally displaced persons, new displacement associated with disasters (number of cases)","VC.IDP.NWDS","","","","","","","","","","","","","","","","","","","","","","","","","","","","","","","","","","","","","","","","","","","","","","","","","221000","854000","409000","7400","104000","427000","943000","204000","1246000","365000","853000","",
"IDA only","IDX","Internally displaced persons, new displacement associated with disasters (number of cases)","VC.IDP.NWDS","","","","","","","","","","","","","","","","","","","","","","","","","","","","","","","","","","","","","","","","","","","","","","","","","3548235","2235930","3410250","1007700","2766120","2782504","1538476","5936995","2347202","4141693","2636193","",
"Isle of Man","IMN","Internally displaced persons, new displacement associated with disasters (number of cases)","VC.IDP.NWDS","","","","","","","","","","","","","","","","","","","","","","","","","","","","","","","","","","","","","","","","","","","","","","","","","","","","","","","","","","","","",
"India","IND","Internally displaced persons, new displacement associated with disasters (number of cases)","VC.IDP.NWDS","","","","","","","","","","","","","","","","","","","","","","","","","","","","","","","","","","","","","","","","","","","","","","","","","6662000","5304000","1411000","1503000","9110000","2145000","3428000","3655000","2400000","1346000","2675000","",
"Not classified","INX","Internally displaced persons, new displacement associated with disasters (number of cases)","VC.IDP.NWDS","","","","","","","","","","","","","","","","","","","","","","","","","","","","","","","","","","","","","","","","","","","","","","","","","","","","","","","","","","","","",
"Ireland","IRL","Internally displaced persons, new displacement associated with disasters (number of cases)","VC.IDP.NWDS","","","","","","","","","","","","","","","","","","","","","","","","","","","","","","","","","","","","","","","","","","","","","","","","","","","","","","","","1600","","62","","",
"Iran, Islamic Rep.","IRN","Internally displaced persons, new displacement associated with disasters (number of cases)","VC.IDP.NWDS","","","","","","","","","","","","","","","","","","","","","","","","","","","","","","","","","","","","","","","","","","","","","","","","","","","3500","","50000","4700","12000","5400","78","225000","74000","",
"Iraq","IRQ","Internally displaced persons, new displacement associated with disasters (number of cases)","VC.IDP.NWDS","","","","","","","","","","","","","","","","","","","","","","","","","","","","","","","","","","","","","","","","","","","","","","","","","600","","","2000","","7900","","23000","","3900","69000","",
"Iceland","ISL","Internally displaced persons, new displacement associated with disasters (number of cases)","VC.IDP.NWDS","","","","","","","","","","","","","","","","","","","","","","","","","","","","","","","","","","","","","","","","","","","","","","","","","","","","","","","","","","50","","",
"Israel","ISR","Internally displaced persons, new displacement associated with disasters (number of cases)","VC.IDP.NWDS","","","","","","","","","","","","","","","","","","","","","","","","","","","","","","","","","","","","","","","","","","","","","","","","","","","","","","200","700","","75000","","80","",
"Italy","ITA","Internally displaced persons, new displacement associated with disasters (number of cases)","VC.IDP.NWDS","","","","","","","","","","","","","","","","","","","","","","","","","","","","","","","","","","","","","","","","","","","","","","","","","","75000","","","17000","3700","1600","1300","31000","2100","3300","",
"Jamaica","JAM","Internally displaced persons, new displacement associated with disasters (number of cases)","VC.IDP.NWDS","","","","","","","","","","","","","","","","","","","","","","","","","","","","","","","","","","","","","","","","","","","","","","","","","1500","","","","2000","","","","3500","29","7","",
"Jordan","JOR","Internally displaced persons, new displacement associated with disasters (number of cases)","VC.IDP.NWDS","","","","","","","","","","","","","","","","","","","","","","","","","","","","","","","","","","","","","","","","","","","","","","","","","","","","","","420","","","","160","2000","",
"Japan","JPN","Internally displaced persons, new displacement associated with disasters (number of cases)","VC.IDP.NWDS","","","","","","","","","","","","","","","","","","","","","","","","","","","","","","","","","","","","","","","","","","","","","","","","","800","","85000","892000","308000","639000","707000","486000","864000","21000","146000","",
"Kazakhstan","KAZ","Internally displaced persons, new displacement associated with disasters (number of cases)","VC.IDP.NWDS","","","","","","","","","","","","","","","","","","","","","","","","","","","","","","","","","","","","","","","","","","","","","","","","","","","5000","9000","5100","330","","19000","1000","7100","400","",
"Kenya","KEN","Internally displaced persons, new displacement associated with disasters (number of cases)","VC.IDP.NWDS","","","","","","","","","","","","","","","","","","","","","","","","","","","","","","","","","","","","","","","","","","","","","","","","","10000","92000","54000","19000","98000","180000","1400","105000","40000","35000","336000","",
"Kyrgyz Republic","KGZ","Internally displaced persons, new displacement associated with disasters (number of cases)","VC.IDP.NWDS","","","","","","","","","","","","","","","","","","","","","","","","","","","","","","","","","","","","","","","","","","","","","","","","","1100","","","","","","","5900","39","3300","4700","",
"Cambodia","KHM","Internally displaced persons, new displacement associated with disasters (number of cases)","VC.IDP.NWDS","","","","","","","","","","","","","","","","","","","","","","","","","","","","","","","","","","","","","","","","","","","","","","","","","","66000","32000","214000","","144000","151000","8900","8300","15000","37000","",
"Kiribati","KIR","Internally displaced persons, new displacement associated with disasters (number of cases)","VC.IDP.NWDS","","","","","","","","","","","","","","","","","","","","","","","","","","","","","","","","","","","","","","","","","","","","","","","","","85","","","","","","","2500","","","","",
"St. Kitts and Nevis","KNA","Internally displaced persons, new displacement associated with disasters (number of cases)","VC.IDP.NWDS","","","","","","","","","","","","","","","","","","","","","","","","","","","","","","","","","","","","","","","","","","","","","","","","","","","","","","","","","","33","","",
"Korea, Rep.","KOR","Internally displaced persons, new displacement associated with disasters (number of cases)","VC.IDP.NWDS","","","","","","","","","","","","","","","","","","","","","","","","","","","","","","","","","","","","","","","","","","","","","","","","","","","","5500","","4200","","","7500","4300","1100","",
"Kuwait","KWT","Internally displaced persons, new displacement associated with disasters (number of cases)","VC.IDP.NWDS","","","","","","","","","","","","","","","","","","","","","","","","","","","","","","","","","","","","","","","","","","","","","","","","","","","","","","","","","","","","",
"Latin America & Caribbean (excluding high income)","LAC","Internally displaced persons, new displacement associated with disasters (number of cases)","VC.IDP.NWDS","","","","","","","","","","","","","","","","","","","","","","","","","","","","","","","","","","","","","","","","","","","","","","","","","3448295","984320","6163600","1010396","862300","347753","560542","469460","1731170","2566189","415954","",
"Lao PDR","LAO","Internally displaced persons, new displacement associated with disasters (number of cases)","VC.IDP.NWDS","","","","","","","","","","","","","","","","","","","","","","","","","","","","","","","","","","","","","","","","","","","","","","","","","","38000","","50000","","9900","790","12000","660","190","19000","",
"Lebanon","LBN","Internally displaced persons, new displacement associated with disasters (number of cases)","VC.IDP.NWDS","","","","","","","","","","","","","","","","","","","","","","","","","","","","","","","","","","","","","","","","","","","","","","","","","","","","","","","1300","110","","","","",
"Liberia","LBR","Internally displaced persons, new displacement associated with disasters (number of cases)","VC.IDP.NWDS","","","","","","","","","","","","","","","","","","","","","","","","","","","","","","","","","","","","","","","","","","","","","","","","","1000","","","","","","650","","10000","970","15000","",
"Libya","LBY","Internally displaced persons, new displacement associated with disasters (number of cases)","VC.IDP.NWDS","","","","","","","","","","","","","","","","","","","","","","","","","","","","","","","","","","","","","","","","","","","","","","","","","","","","","","3000","","","","","","",
"St. Lucia","LCA","Internally displaced persons, new displacement associated with disasters (number of cases)","VC.IDP.NWDS","","","","","","","","","","","","","","","","","","","","","","","","","","","","","","","","","","","","","","","","","","","","","","","","","","","","","","1200","","","130","","","",
"Latin America & Caribbean","LCN","Internally displaced persons, new displacement associated with disasters (number of cases)","VC.IDP.NWDS","","","","","","","","","","","","","","","","","","","","","","","","","","","","","","","","","","","","","","","","","","","","","","","","","3492560","985020","8163600","1014396","873000","354082","1550762","1543360","1763910","2705482","420244","",
"Least developed countries: UN classification","LDC","Internally displaced persons, new displacement associated with disasters (number of cases)","VC.IDP.NWDS","","","","","","","","","","","","","","","","","","","","","","","","","","","","","","","","","","","","","","","","","","","","","","","","","3443535","2252330","3418250","1163700","2758020","2753389","1489430","5905835","2334010","4102117","2515773","",
"Low income","LIC","Internally displaced persons, new displacement associated with disasters (number of cases)","VC.IDP.NWDS","","","","","","","","","","","","","","","","","","","","","","","","","","","","","","","","","","","","","","","","","","","","","","","","","1079650","","2616400","","2148320","984680","477150","3661900","1143350","2707923","2027800","",
"Liechtenstein","LIE","Internally displaced persons, new displacement associated with disasters (number of cases)","VC.IDP.NWDS","","","","","","","","","","","","","","","","","","","","","","","","","","","","","","","","","","","","","","","","","","","","","","","","","","","","","","","","","","","","",
"Sri Lanka","LKA","Internally displaced persons, new displacement associated with disasters (number of cases)","VC.IDP.NWDS","","","","","","","","","","","","","","","","","","","","","","","","","","","","","","","","","","","","","","","","","","","","","","","","","525000","363000","141000","685000","129000","324000","152000","66000","500000","135000","100000","",
"Lower middle income","LMC","Internally displaced persons, new displacement associated with disasters (number of cases)","VC.IDP.NWDS","","","","","","","","","","","","","","","","","","","","","","","","","","","","","","","","","","","","","","","","","","","","","","","","","12439280","10758430","15973350","5655100","22118880","13293259","12300562","9613255","11126129","6495251","9184791","",
"Low & middle income","LMY","Internally displaced persons, new displacement associated with disasters (number of cases)","VC.IDP.NWDS","","","","","","","","","","","","","","","","","","","","","","","","","","","","","","","","","","","","","","","","","","","","","","","","","36172130","16614570","40225950","14034796","31085000","21010879","17334202","17505607","21939593","16737453","15675213","",
"Lesotho","LSO","Internally displaced persons, new displacement associated with disasters (number of cases)","VC.IDP.NWDS","","","","","","","","","","","","","","","","","","","","","","","","","","","","","","","","","","","","","","","","","","","","","","","","","","","5000","3400","","","2600","","","","1400","",
"Late-demographic dividend","LTE","Internally displaced persons, new displacement associated with disasters (number of cases)","VC.IDP.NWDS","","","","","","","","","","","","","","","","","","","","","","","","","","","","","","","","","","","","","","","","","","","","","","","","","19944300","5219550","22958500","7436600","6351180","7561720","5337102","4884440","8402308","5612099","4328313","",
"Lithuania","LTU","Internally displaced persons, new displacement associated with disasters (number of cases)","VC.IDP.NWDS","","","","","","","","","","","","","","","","","","","","","","","","","","","","","","","","","","","","","","","","","","","","","","","","","","","","","","","","","","","","",
"Luxembourg","LUX","Internally displaced persons, new displacement associated with disasters (number of cases)","VC.IDP.NWDS","","","","","","","","","","","","","","","","","","","","","","","","","","","","","","","","","","","","","","","","","","","","","","","","","","","","","","","","","","","","",
"Latvia","LVA","Internally displaced persons, new displacement associated with disasters (number of cases)","VC.IDP.NWDS","","","","","","","","","","","","","","","","","","","","","","","","","","","","","","","","","","","","","","","","","","","","","","","","","","","","","","","","","","","24","",
"Macao SAR, China","MAC","Internally displaced persons, new displacement associated with disasters (number of cases)","VC.IDP.NWDS","","","","","","","","","","","","","","","","","","","","","","","","","","","","","","","","","","","","","","","","","","","","","","","","","","","","","","","","","","","5700","",
"St. Martin (French part)","MAF","Internally displaced persons, new displacement associated with disasters (number of cases)","VC.IDP.NWDS","","","","","","","","","","","","","","","","","","","","","","","","","","","","","","","","","","","","","","","","","","","","","","","","","","","","","","","","","","11000","","",
"Morocco","MAR","Internally displaced persons, new displacement associated with disasters (number of cases)","VC.IDP.NWDS","","","","","","","","","","","","","","","","","","","","","","","","","","","","","","","","","","","","","","","","","","","","","","","","","5000","","15000","","580","","1700","","","","","",
"Monaco","MCO","Internally displaced persons, new displacement associated with disasters (number of cases)","VC.IDP.NWDS","","","","","","","","","","","","","","","","","","","","","","","","","","","","","","","","","","","","","","","","","","","","","","","","","","","","","","","","","","","","",
"Moldova","MDA","Internally displaced persons, new displacement associated with disasters (number of cases)","VC.IDP.NWDS","","","","","","","","","","","","","","","","","","","","","","","","","","","","","","","","","","","","","","","","","","","","","","","","","200","","","","","","","","","","","",
"Madagascar","MDG","Internally displaced persons, new displacement associated with disasters (number of cases)","VC.IDP.NWDS","","","","","","","","","","","","","","","","","","","","","","","","","","","","","","","","","","","","","","","","","","","","","","","","","194000","8100","38000","26000","268000","20000","2800","87000","51000","248000","75000","",
"Maldives","MDV","Internally displaced persons, new displacement associated with disasters (number of cases)","VC.IDP.NWDS","","","","","","","","","","","","","","","","","","","","","","","","","","","","","","","","","","","","","","","","","","","","","","","","","","","","","","","","","","76","20","",
"Middle East & North Africa","MEA","Internally displaced persons, new displacement associated with disasters (number of cases)","VC.IDP.NWDS","","","","","","","","","","","","","","","","","","","","","","","","","","","","","","","","","","","","","","","","","","","","","","","","","","","","","","","","140730","","","214807","",
"Mexico","MEX","Internally displaced persons, new displacement associated with disasters (number of cases)","VC.IDP.NWDS","","","","","","","","","","","","","","","","","","","","","","","","","","","","","","","","","","","","","","","","","","","","","","","","","13000","375000","900000","547000","6500","158000","18000","91000","12000","195000","20000","",
"Marshall Islands","MHL","Internally displaced persons, new displacement associated with disasters (number of cases)","VC.IDP.NWDS","","","","","","","","","","","","","","","","","","","","","","","","","","","","","","","","","","","","","","","","","","","","","","","","","600","","","","","","1200","","","","","",
"Middle income","MIC","Internally displaced persons, new displacement associated with disasters (number of cases)","VC.IDP.NWDS","","","","","","","","","","","","","","","","","","","","","","","","","","","","","","","","","","","","","","","","","","","","","","","","","35092480","16294740","37609550","13794496","28936680","20026199","16857052","13843707","20796243","14029530","13647413","",
"North Macedonia","MKD","Internally displaced persons, new displacement associated with disasters (number of cases)","VC.IDP.NWDS","","","","","","","","","","","","","","","","","","","","","","","","","","","","","","","","","","","","","","","","","","","","","","","","","","","","","","1600","","","","","50","",
"Mali","MLI","Internally displaced persons, new displacement associated with disasters (number of cases)","VC.IDP.NWDS","","","","","","","","","","","","","","","","","","","","","","","","","","","","","","","","","","","","","","","","","","","","","","","","","2500","","5800","18000","9000","24000","","400","8000","6800","19000","",
"Malta","MLT","Internally displaced persons, new displacement associated with disasters (number of cases)","VC.IDP.NWDS","","","","","","","","","","","","","","","","","","","","","","","","","","","","","","","","","","","","","","","","","","","","","","","","","","","","","","","","","","","","",
"Myanmar","MMR","Internally displaced persons, new displacement associated with disasters (number of cases)","VC.IDP.NWDS","","","","","","","","","","","","","","","","","","","","","","","","","","","","","","","","","","","","","","","","","","","","","","","","","2250000","2500","106000","13000","74000","223000","81000","1618000","509000","351000","298000","",
"Middle East & North Africa (excluding high income)","MNA","Internally displaced persons, new displacement associated with disasters (number of cases)","VC.IDP.NWDS","","","","","","","","","","","","","","","","","","","","","","","","","","","","","","","","","","","","","","","","","","","","","","","","","","","","","","","22200","140730","","","202727","",
"Montenegro","MNE","Internally displaced persons, new displacement associated with disasters (number of cases)","VC.IDP.NWDS","","","","","","","","","","","","","","","","","","","","","","","","","","","","","","","","","","","","","","","","","","","","","","","","","","","1400","","800","","","","400","2","6","",
"Mongolia","MNG","Internally displaced persons, new displacement associated with disasters (number of cases)","VC.IDP.NWDS","","","","","","","","","","","","","","","","","","","","","","","","","","","","","","","","","","","","","","","","","","","","","","","","","","22000","","","","","","810","","","5900","",
"Northern Mariana Islands","MNP","Internally displaced persons, new displacement associated with disasters (number of cases)","VC.IDP.NWDS","","","","","","","","","","","","","","","","","","","","","","","","","","","","","","","","","","","","","","","","","","","","","","","","","","","","","","","","","","","14000","",
"Mozambique","MOZ","Internally displaced persons, new displacement associated with disasters (number of cases)","VC.IDP.NWDS","","","","","","","","","","","","","","","","","","","","","","","","","","","","","","","","","","","","","","","","","","","","","","","","","143000","7300","130000","22000","10000","186000","21000","61000","7000","170000","31000","",
"Mauritania","MRT","Internally displaced persons, new displacement associated with disasters (number of cases)","VC.IDP.NWDS","","","","","","","","","","","","","","","","","","","","","","","","","","","","","","","","","","","","","","","","","","","","","","","","","","","5000","","","4600","","","","2900","450","",
"Mauritius","MUS","Internally displaced persons, new displacement associated with disasters (number of cases)","VC.IDP.NWDS","","","","","","","","","","","","","","","","","","","","","","","","","","","","","","","","","","","","","","","","","","","","","","","","","","","","","","","","1400","300","100","3600","",
"Malawi","MWI","Internally displaced persons, new displacement associated with disasters (number of cases)","VC.IDP.NWDS","","","","","","","","","","","","","","","","","","","","","","","","","","","","","","","","","","","","","","","","","","","","","","","","","","21000","","25000","6200","33000","600","343000","9500","84000","20000","",
"Malaysia","MYS","Internally displaced persons, new displacement associated with disasters (number of cases)","VC.IDP.NWDS","","","","","","","","","","","","","","","","","","","","","","","","","","","","","","","","","","","","","","","","","","","","","","","","","4000","","65000","24000","22000","43000","256000","21000","18000","82000","38000","",
"North America","NAC","Internally displaced persons, new displacement associated with disasters (number of cases)","VC.IDP.NWDS","","","","","","","","","","","","","","","","","","","","","","","","","","","","","","","","","","","","","","","","","","","","","","","","","2022000","1300","","52000","901000","308000","39800","76000","1200000","1771000","1266000","",
"Namibia","NAM","Internally displaced persons, new displacement associated with disasters (number of cases)","VC.IDP.NWDS","","","","","","","","","","","","","","","","","","","","","","","","","","","","","","","","","","","","","","","","","","","","","","","","","","55000","11000","60000","400","18000","160","8","","3400","13","",
"New Caledonia","NCL","Internally displaced persons, new displacement associated with disasters (number of cases)","VC.IDP.NWDS","","","","","","","","","","","","","","","","","","","","","","","","","","","","","","","","","","","","","","","","","","","","","","","","","","","","","","","","","","570","48","",
"Niger","NER","Internally displaced persons, new displacement associated with disasters (number of cases)","VC.IDP.NWDS","","","","","","","","","","","","","","","","","","","","","","","","","","","","","","","","","","","","","","","","","","","","","","","","","4300","5600","205000","28000","540000","201000","47000","38000","46000","189000","40000","",
"Nigeria","NGA","Internally displaced persons, new displacement associated with disasters (number of cases)","VC.IDP.NWDS","","","","","","","","","","","","","","","","","","","","","","","","","","","","","","","","","","","","","","","","","","","","","","","","","","140000","560000","6300","6112000","117000","3000","100000","78000","122000","613000","",
"Nicaragua","NIC","Internally displaced persons, new displacement associated with disasters (number of cases)","VC.IDP.NWDS","","","","","","","","","","","","","","","","","","","","","","","","","","","","","","","","","","","","","","","","","","","","","","","","","19000","","61000","10000","","160","35000","1100","18000","20000","6900","",
"Netherlands","NLD","Internally displaced persons, new displacement associated with disasters (number of cases)","VC.IDP.NWDS","","","","","","","","","","","","","","","","","","","","","","","","","","","","","","","","","","","","","","","","","","","","","","","","","","","","","","","","","","","","",
"Norway","NOR","Internally displaced persons, new displacement associated with disasters (number of cases)","VC.IDP.NWDS","","","","","","","","","","","","","","","","","","","","","","","","","","","","","","","","","","","","","","","","","","","","","","","","","","","","","","","680","220","260","220","","",
"Nepal","NPL","Internally displaced persons, new displacement associated with disasters (number of cases)","VC.IDP.NWDS","","","","","","","","","","","","","","","","","","","","","","","","","","","","","","","","","","","","","","","","","","","","","","","","","250000","18000","","46000","600","12000","74000","2623000","31000","384000","12000","",
"Nauru","NRU","Internally displaced persons, new displacement associated with disasters (number of cases)","VC.IDP.NWDS","","","","","","","","","","","","","","","","","","","","","","","","","","","","","","","","","","","","","","","","","","","","","","","","","","","","","","","","","","","","",
"New Zealand","NZL","Internally displaced persons, new displacement associated with disasters (number of cases)","VC.IDP.NWDS","","","","","","","","","","","","","","","","","","","","","","","","","","","","","","","","","","","","","","","","","","","","","","","","","","","250","2300","450","210","","440","1800","6300","990","",
"OECD members","OED","Internally displaced persons, new displacement associated with disasters (number of cases)","VC.IDP.NWDS","","","","","","","","","","","","","","","","","","","","","","","","","","","","","","","","","","","","","","","","","","","","","","","","","","","","","","1240613","1772470","1721820","2224000","2076708","1472385","",
"Oman","OMN","Internally displaced persons, new displacement associated with disasters (number of cases)","VC.IDP.NWDS","","","","","","","","","","","","","","","","","","","","","","","","","","","","","","","","","","","","","","","","","","","","","","","","","","","","","","350","","","","320","10000","",
"Other small states","OSS","Internally displaced persons, new displacement associated with disasters (number of cases)","VC.IDP.NWDS","","","","","","","","","","","","","","","","","","","","","","","","","","","","","","","","","","","","","","","","","","","","","","","","","","","","","","","","","","","","",
"Pakistan","PAK","Internally displaced persons, new displacement associated with disasters (number of cases)","VC.IDP.NWDS","","","","","","","","","","","","","","","","","","","","","","","","","","","","","","","","","","","","","","","","","","","","","","","","","89000","84000","11060000","300000","1857000","407000","771000","1002000","13000","1800","2100","",
"Panama","PAN","Internally displaced persons, new displacement associated with disasters (number of cases)","VC.IDP.NWDS","","","","","","","","","","","","","","","","","","","","","","","","","","","","","","","","","","","","","","","","","","","","","","","","","","","","","3400","1700","320","100","1100","300","","",
"Peru","PER","Internally displaced persons, new displacement associated with disasters (number of cases)","VC.IDP.NWDS","","","","","","","","","","","","","","","","","","","","","","","","","","","","","","","","","","","","","","","","","","","","","","","","","45000","46000","10000","2700","184000","28000","950","8400","17000","295000","8600","",
"Philippines","PHL","Internally displaced persons, new displacement associated with disasters (number of cases)","VC.IDP.NWDS","","","","","","","","","","","","","","","","","","","","","","","","","","","","","","","","","","","","","","","","","","","","","","","","","2757000","2062000","1002000","2499000","3859000","7022000","5787000","2221000","5930000","2529000","3802000","",
"Palau","PLW","Internally displaced persons, new displacement associated with disasters (number of cases)","VC.IDP.NWDS","","","","","","","","","","","","","","","","","","","","","","","","","","","","","","","","","","","","","","","","","","","","","","","","","","","","","150","1500","","","","","","",
"Papua New Guinea","PNG","Internally displaced persons, new displacement associated with disasters (number of cases)","VC.IDP.NWDS","","","","","","","","","","","","","","","","","","","","","","","","","","","","","","","","","","","","","","","","","","","","","","","","","75000","1000","","","75000","46","21000","","1600","1400","61000","",
"Poland","POL","Internally displaced persons, new displacement associated with disasters (number of cases)","VC.IDP.NWDS","","","","","","","","","","","","","","","","","","","","","","","","","","","","","","","","","","","","","","","","","","","","","","","","","","","30000","","","","","","","","","",
"Pre-demographic dividend","PRE","Internally displaced persons, new displacement associated with disasters (number of cases)","VC.IDP.NWDS","","","","","","","","","","","","","","","","","","","","","","","","","","","","","","","","","","","","","","","","","","","","","","","","","","1017930","1725450","441800","8161520","1442798","584590","1084635","705360","2098234","2698273","",
"Puerto Rico","PRI","Internally displaced persons, new displacement associated with disasters (number of cases)","VC.IDP.NWDS","","","","","","","","","","","","","","","","","","","","","","","","","","","","","","","","","","","","","","","","","","","","","","","","","","","","","","","","","","86000","400","",
"Korea, Dem. People’s Rep.","PRK","Internally displaced persons, new displacement associated with disasters (number of cases)","VC.IDP.NWDS","","","","","","","","","","","","","","","","","","","","","","","","","","","","","","","","","","","","","","","","","","","","","","","","","","","28000","25000","232000","82000","","6000","107000","","69000","",
"Portugal","PRT","Internally displaced persons, new displacement associated with disasters (number of cases)","VC.IDP.NWDS","","","","","","","","","","","","","","","","","","","","","","","","","","","","","","","","","","","","","","","","","","","","","","","","","38","","","","","","","10","1100","6800","410","",
"Paraguay","PRY","Internally displaced persons, new displacement associated with disasters (number of cases)","VC.IDP.NWDS","","","","","","","","","","","","","","","","","","","","","","","","","","","","","","","","","","","","","","","","","","","","","","","","","60","","","","","28000","84000","171000","3600","5200","30000","",
"West Bank and Gaza","PSE","Internally displaced persons, new displacement associated with disasters (number of cases)","VC.IDP.NWDS","","","","","","","","","","","","","","","","","","","","","","","","","","","","","","","","","","","","","","","","","","","","","","","","","","","500","","1200","11000","200","10000","510","77","","",
"Pacific island small states","PSS","Internally displaced persons, new displacement associated with disasters (number of cases)","VC.IDP.NWDS","","","","","","","","","","","","","","","","","","","","","","","","","","","","","","","","","","","","","","","","","","","","","","","","","","","","","36950","","16736","","80363","14950","32130","",
"Post-demographic dividend","PST","Internally displaced persons, new displacement associated with disasters (number of cases)","VC.IDP.NWDS","","","","","","","","","","","","","","","","","","","","","","","","","","","","","","","","","","","","","","","","","","","","","","","","","","","","","","1079413","879590","584860","3200264","3616248","1508161","",
"French Polynesia","PYF","Internally displaced persons, new displacement associated with disasters (number of cases)","VC.IDP.NWDS","","","","","","","","","","","","","","","","","","","","","","","","","","","","","","","","","","","","","","","","","","","","","","","","","","","3500","","","","","","","1100","","",
"Qatar","QAT","Internally displaced persons, new displacement associated with disasters (number of cases)","VC.IDP.NWDS","","","","","","","","","","","","","","","","","","","","","","","","","","","","","","","","","","","","","","","","","","","","","","","","","","","","","","","","","","","","",
"Romania","ROU","Internally displaced persons, new displacement associated with disasters (number of cases)","VC.IDP.NWDS","","","","","","","","","","","","","","","","","","","","","","","","","","","","","","","","","","","","","","","","","","","","","","","","","11000","","","","","","2200","160","1500","","1200","",
"Russian Federation","RUS","Internally displaced persons, new displacement associated with disasters (number of cases)","VC.IDP.NWDS","","","","","","","","","","","","","","","","","","","","","","","","","","","","","","","","","","","","","","","","","","","","","","","","","","","23000","3500","32000","29000","23000","6600","3600","5900","3600","",
"Rwanda","RWA","Internally displaced persons, new displacement associated with disasters (number of cases)","VC.IDP.NWDS","","","","","","","","","","","","","","","","","","","","","","","","","","","","","","","","","","","","","","","","","","","","","","","","","5000","","5900","1900","3200","1000","","2000","9700","5000","47000","",
"South Asia","SAS","Internally displaced persons, new displacement associated with disasters (number of cases)","VC.IDP.NWDS","","","","","","","","","","","","","","","","","","","","","","","","","","","","","","","","","","","","","","","","","","","","","","","","","7590400","7139000","13252000","2957000","11777600","4063000","4981000","7950900","3566090","2839876","3302120","",
"Saudi Arabia","SAU","Internally displaced persons, new displacement associated with disasters (number of cases)","VC.IDP.NWDS","","","","","","","","","","","","","","","","","","","","","","","","","","","","","","","","","","","","","","","","","","","","","","","","","","10000","","","","4700","","","280","100","2000","",
"Sudan","SDN","Internally displaced persons, new displacement associated with disasters (number of cases)","VC.IDP.NWDS","","","","","","","","","","","","","","","","","","","","","","","","","","","","","","","","","","","","","","","","","","","","","","","","","47000","80000","20000","19000","84000","284000","187000","8300","123000","54000","121000","",
"Senegal","SEN","Internally displaced persons, new displacement associated with disasters (number of cases)","VC.IDP.NWDS","","","","","","","","","","","","","","","","","","","","","","","","","","","","","","","","","","","","","","","","","","","","","","","","","","264000","7800","1600","20000","13000","","","24000","630","2","",
"Singapore","SGP","Internally displaced persons, new displacement associated with disasters (number of cases)","VC.IDP.NWDS","","","","","","","","","","","","","","","","","","","","","","","","","","","","","","","","","","","","","","","","","","","","","","","","","","","","","","","","","","","","",
"Solomon Islands","SLB","Internally displaced persons, new displacement associated with disasters (number of cases)","VC.IDP.NWDS","","","","","","","","","","","","","","","","","","","","","","","","","","","","","","","","","","","","","","","","","","","","","","","","","","","7900","","1000","3500","9000","1000","1300","580","1100","",
"Sierra Leone","SLE","Internally displaced persons, new displacement associated with disasters (number of cases)","VC.IDP.NWDS","","","","","","","","","","","","","","","","","","","","","","","","","","","","","","","","","","","","","","","","","","","","","","","","","","","","","","8400","","","","12000","","",
"El Salvador","SLV","Internally displaced persons, new displacement associated with disasters (number of cases)","VC.IDP.NWDS","","","","","","","","","","","","","","","","","","","","","","","","","","","","","","","","","","","","","","","","","","","","","","","","","95","15000","16000","60000","","2300","22","2000","480","390","4700","",
"San Marino","SMR","Internally displaced persons, new displacement associated with disasters (number of cases)","VC.IDP.NWDS","","","","","","","","","","","","","","","","","","","","","","","","","","","","","","","","","","","","","","","","","","","","","","","","","","","","","","","","","","","","",
"Somalia","SOM","Internally displaced persons, new displacement associated with disasters (number of cases)","VC.IDP.NWDS","","","","","","","","","","","","","","","","","","","","","","","","","","","","","","","","","","","","","","","","","","","","","","","","","12000","","5200","","28000","60000","36000","59000","70000","899000","547000","",
"Serbia","SRB","Internally displaced persons, new displacement associated with disasters (number of cases)","VC.IDP.NWDS","","","","","","","","","","","","","","","","","","","","","","","","","","","","","","","","","","","","","","","","","","","","","","","","","","","4500","","","190","33000","","39","42","130","",
"Sub-Saharan Africa (excluding high income)","SSA","Internally displaced persons, new displacement associated with disasters (number of cases)","VC.IDP.NWDS","","","","","","","","","","","","","","","","","","","","","","","","","","","","","","","","","","","","","","","","","","","","","","","","","","1118600","1692350","603100","8158720","1594598","652050","1108287","1075450","2559842","2608196","",
"South Sudan","SSD","Internally displaced persons, new displacement associated with disasters (number of cases)","VC.IDP.NWDS","","","","","","","","","","","","","","","","","","","","","","","","","","","","","","","","","","","","","","","","","","","","","","","","","","","","","340000","116000","112000","15000","","75000","6600","",
"Sub-Saharan Africa","SSF","Internally displaced persons, new displacement associated with disasters (number of cases)","VC.IDP.NWDS","","","","","","","","","","","","","","","","","","","","","","","","","","","","","","","","","","","","","","","","","","","","","","","","","","1118600","1692350","603100","8158720","1595698","652057","1108287","1075470","2559842","2608196","",
"Small states","SST","Internally displaced persons, new displacement associated with disasters (number of cases)","VC.IDP.NWDS","","","","","","","","","","","","","","","","","","","","","","","","","","","","","","","","","","","","","","","","","","","","","","","","","","","","","","","","","","","","",
"Sao Tome and Principe","STP","Internally displaced persons, new displacement associated with disasters (number of cases)","VC.IDP.NWDS","","","","","","","","","","","","","","","","","","","","","","","","","","","","","","","","","","","","","","","","","","","","","","","","","","","","","","","","","","","","",
"Suriname","SUR","Internally displaced persons, new displacement associated with disasters (number of cases)","VC.IDP.NWDS","","","","","","","","","","","","","","","","","","","","","","","","","","","","","","","","","","","","","","","","","","","","","","","","","","","","","","300","","","","6000","","",
"Slovak Republic","SVK","Internally displaced persons, new displacement associated with disasters (number of cases)","VC.IDP.NWDS","","","","","","","","","","","","","","","","","","","","","","","","","","","","","","","","","","","","","","","","","","","","","","","","","","","","","","","","","","","270","",
"Slovenia","SVN","Internally displaced persons, new displacement associated with disasters (number of cases)","VC.IDP.NWDS","","","","","","","","","","","","","","","","","","","","","","","","","","","","","","","","","","","","","","","","","","","","","","","","","","","","","","","","","","","340","",
"Sweden","SWE","Internally displaced persons, new displacement associated with disasters (number of cases)","VC.IDP.NWDS","","","","","","","","","","","","","","","","","","","","","","","","","","","","","","","","","","","","","","","","","","","","","","","","","","","","","","","1000","100","","","130","",
"Eswatini","SWZ","Internally displaced persons, new displacement associated with disasters (number of cases)","VC.IDP.NWDS","","","","","","","","","","","","","","","","","","","","","","","","","","","","","","","","","","","","","","","","","","","","","","","","","","","","","","","","","","","110","",
"Sint Maarten (Dutch part)","SXM","Internally displaced persons, new displacement associated with disasters (number of cases)","VC.IDP.NWDS","","","","","","","","","","","","","","","","","","","","","","","","","","","","","","","","","","","","","","","","","","","","","","","","","","","","","","","","","","13000","","",
"Seychelles","SYC","Internally displaced persons, new displacement associated with disasters (number of cases)","VC.IDP.NWDS","","","","","","","","","","","","","","","","","","","","","","","","","","","","","","","","","","","","","","","","","","","","","","","","","","","","","","1100","7","","20","","","",
"Syrian Arab Republic","SYR","Internally displaced persons, new displacement associated with disasters (number of cases)","VC.IDP.NWDS","","","","","","","","","","","","","","","","","","","","","","","","","","","","","","","","","","","","","","","","","","","","","","","","","","","","","","","2300","","","2300","27000","",
"Turks and Caicos Islands","TCA","Internally displaced persons, new displacement associated with disasters (number of cases)","VC.IDP.NWDS","","","","","","","","","","","","","","","","","","","","","","","","","","","","","","","","","","","","","","","","","","","","","","","","","","","","","","","","","50","60","","",
"Chad","TCD","Internally displaced persons, new displacement associated with disasters (number of cases)","VC.IDP.NWDS","","","","","","","","","","","","","","","","","","","","","","","","","","","","","","","","","","","","","","","","","","","","","","","","","10000","5800","70000","","500000","88000","9900","","5700","","2000","",
"East Asia & Pacific (IDA & IBRD countries)","TEA","Internally displaced persons, new displacement associated with disasters (number of cases)","VC.IDP.NWDS","","","","","","","","","","","","","","","","","","","","","","","","","","","","","","","","","","","","","","","","","","","","","","","","","24276685","7349800","19001900","9172800","9920350","14852332","10965826","7779530","15399033","8514540","9055630","",
"Europe & Central Asia (IDA & IBRD countries)","TEC","Internally displaced persons, new displacement associated with disasters (number of cases)","VC.IDP.NWDS","","","","","","","","","","","","","","","","","","","","","","","","","","","","","","","","","","","","","","","","","","","","","","","","","","","","","","","","","12442","","17126","",
"Togo","TGO","Internally displaced persons, new displacement associated with disasters (number of cases)","VC.IDP.NWDS","","","","","","","","","","","","","","","","","","","","","","","","","","","","","","","","","","","","","","","","","","","","","","","","","2000","","50000","","","120","","5000","","50","","",
"Thailand","THA","Internally displaced persons, new displacement associated with disasters (number of cases)","VC.IDP.NWDS","","","","","","","","","","","","","","","","","","","","","","","","","","","","","","","","","","","","","","","","","","","","","","","","","203000","68000","1000000","1645000","3400","13000","27000","240","90000","50000","4600","",
"Tajikistan","TJK","Internally displaced persons, new displacement associated with disasters (number of cases)","VC.IDP.NWDS","","","","","","","","","","","","","","","","","","","","","","","","","","","","","","","","","","","","","","","","","","","","","","","","","","","2000","","6400","660","460","11000","2400","4700","5400","",
"Turkmenistan","TKM","Internally displaced persons, new displacement associated with disasters (number of cases)","VC.IDP.NWDS","","","","","","","","","","","","","","","","","","","","","","","","","","","","","","","","","","","","","","","","","","","","","","","","","","","","","","","","","","","","",
"Latin America & the Caribbean (IDA & IBRD countries)","TLA","Internally displaced persons, new displacement associated with disasters (number of cases)","VC.IDP.NWDS","","","","","","","","","","","","","","","","","","","","","","","","","","","","","","","","","","","","","","","","","","","","","","","","","761340","985020","8163600","1014396","521000","354082","1550762","1538560","681270","847522","367614","",
"Timor-Leste","TLS","Internally displaced persons, new displacement associated with disasters (number of cases)","VC.IDP.NWDS","","","","","","","","","","","","","","","","","","","","","","","","","","","","","","","","","","","","","","","","","","","","","","","","","","","","","","1300","2300","310","110","","","",
"Middle East & North Africa (IDA & IBRD countries)","TMN","Internally displaced persons, new displacement associated with disasters (number of cases)","VC.IDP.NWDS","","","","","","","","","","","","","","","","","","","","","","","","","","","","","","","","","","","","","","","","","","","","","","","","","","","","","","","22000","130730","","","202727","",
"Tonga","TON","Internally displaced persons, new displacement associated with disasters (number of cases)","VC.IDP.NWDS","","","","","","","","","","","","","","","","","","","","","","","","","","","","","","","","","","","","","","","","","","","","","","","","","","","","","400","17","5300","","3000","","5700","",
"South Asia (IDA & IBRD)","TSA","Internally displaced persons, new displacement associated with disasters (number of cases)","VC.IDP.NWDS","","","","","","","","","","","","","","","","","","","","","","","","","","","","","","","","","","","","","","","","","","","","","","","","","7590400","7139000","13252000","2957000","11777600","4063000","4981000","7950900","3566090","2839876","3302120","",
"Sub-Saharan Africa (IDA & IBRD countries)","TSS","Internally displaced persons, new displacement associated with disasters (number of cases)","VC.IDP.NWDS","","","","","","","","","","","","","","","","","","","","","","","","","","","","","","","","","","","","","","","","","","","","","","","","","","1118600","1692350","603100","8158720","1595698","652057","1108287","1075470","2559842","2608196","",
"Trinidad and Tobago","TTO","Internally displaced persons, new displacement associated with disasters (number of cases)","VC.IDP.NWDS","","","","","","","","","","","","","","","","","","","","","","","","","","","","","","","","","","","","","","","","","","","","","","","","","","","","","","29","","","","200","860","",
"Tunisia","TUN","Internally displaced persons, new displacement associated with disasters (number of cases)","VC.IDP.NWDS","","","","","","","","","","","","","","","","","","","","","","","","","","","","","","","","","","","","","","","","","","","","","","","","","","","","","","6","","120","","990","3300","",
"Turkey","TUR","Internally displaced persons, new displacement associated with disasters (number of cases)","VC.IDP.NWDS","","","","","","","","","","","","","","","","","","","","","","","","","","","","","","","","","","","","","","","","","","","","","","","","","300","20000","200","252000","","","480","1500","200","","640","",
"Tuvalu","TUV","Internally displaced persons, new displacement associated with disasters (number of cases)","VC.IDP.NWDS","","","","","","","","","","","","","","","","","","","","","","","","","","","","","","","","","","","","","","","","","","","","","","","","","","","","","","","","5400","","","","",
"Tanzania","TZA","Internally displaced persons, new displacement associated with disasters (number of cases)","VC.IDP.NWDS","","","","","","","","","","","","","","","","","","","","","","","","","","","","","","","","","","","","","","","","","","","","","","","","","2400","11000","","22000","10000","","14000","3500","36000","1900","29000","",
"Uganda","UGA","Internally displaced persons, new displacement associated with disasters (number of cases)","VC.IDP.NWDS","","","","","","","","","","","","","","","","","","","","","","","","","","","","","","","","","","","","","","","","","","","","","","","","","15000","","","6400","220","30000","50000","600","2500","95000","164000","",
"Ukraine","UKR","Internally displaced persons, new displacement associated with disasters (number of cases)","VC.IDP.NWDS","","","","","","","","","","","","","","","","","","","","","","","","","","","","","","","","","","","","","","","","","","","","","","","","","25000","","","","","600","","","130","","","",
"Upper middle income","UMC","Internally displaced persons, new displacement associated with disasters (number of cases)","VC.IDP.NWDS","","","","","","","","","","","","","","","","","","","","","","","","","","","","","","","","","","","","","","","","","","","","","","","","","22653200","5536310","21636200","8139396","6817800","6732940","4556490","4230452","9670114","7534279","4462622","",
"Uruguay","URY","Internally displaced persons, new displacement associated with disasters (number of cases)","VC.IDP.NWDS","","","","","","","","","","","","","","","","","","","","","","","","","","","","","","","","","","","","","","","","","","","","","","","","","","","","","","1000","4900","24000","12000","9100","300","",
"United States","USA","Internally displaced persons, new displacement associated with disasters (number of cases)","VC.IDP.NWDS","","","","","","","","","","","","","","","","","","","","","","","","","","","","","","","","","","","","","","","","","","","","","","","","","2020000","1300","","52000","901000","188000","34000","63000","1107000","1686000","1247000","",
"Uzbekistan","UZB","Internally displaced persons, new displacement associated with disasters (number of cases)","VC.IDP.NWDS","","","","","","","","","","","","","","","","","","","","","","","","","","","","","","","","","","","","","","","","","","","","","","","","","","","","","","","","","","","","",
"St. Vincent and the Grenadines","VCT","Internally displaced persons, new displacement associated with disasters (number of cases)","VC.IDP.NWDS","","","","","","","","","","","","","","","","","","","","","","","","","","","","","","","","","","","","","","","","","","","","","","","","","","","100","","","2300","","","340","20","","",
"Venezuela, RB","VEN","Internally displaced persons, new displacement associated with disasters (number of cases)","VC.IDP.NWDS","","","","","","","","","","","","","","","","","","","","","","","","","","","","","","","","","","","","","","","","","","","","","","","","","4700","","102000","","1000","","","45000","230","2100","32000","",
"British Virgin Islands","VGB","Internally displaced persons, new displacement associated with disasters (number of cases)","VC.IDP.NWDS","","","","","","","","","","","","","","","","","","","","","","","","","","","","","","","","","","","","","","","","","","","","","","","","","","","","","","","","","","6000","","",
"Virgin Islands (U.S.)","VIR","Internally displaced persons, new displacement associated with disasters (number of cases)","VC.IDP.NWDS","","","","","","","","","","","","","","","","","","","","","","","","","","","","","","","","","","","","","","","","","","","","","","","","","","","","","","","","","","2300","","",
"Vietnam","VNM","Internally displaced persons, new displacement associated with disasters (number of cases)","VC.IDP.NWDS","","","","","","","","","","","","","","","","","","","","","","","","","","","","","","","","","","","","","","","","","","","","","","","","","106000","187000","442000","230000","15000","1040000","68000","9600","81000","633000","143000","",
"Vanuatu","VUT","Internally displaced persons, new displacement associated with disasters (number of cases)","VC.IDP.NWDS","","","","","","","","","","","","","","","","","","","","","","","","","","","","","","","","","","","","","","","","","","","","","","","","","","","","400","700","69","350","65000","","14000","13000","",
"World","WLD","Internally displaced persons, new displacement associated with disasters (number of cases)","VC.IDP.NWDS","","","","","","","","","","","","","","","","","","","","","","","","","","","","","","","","","","","","","","","","","","","","","","","","","38241123","16734400","42350200","15015596","32366600","22125871","19120870","19189827","24213693","18776796","17183614","",
"Samoa","WSM","Internally displaced persons, new displacement associated with disasters (number of cases)","VC.IDP.NWDS","","","","","","","","","","","","","","","","","","","","","","","","","","","","","","","","","","","","","","","","","","","","","","","","","","5300","","","7700","","86","970","63","","330","",
"Kosovo","XKX","Internally displaced persons, new displacement associated with disasters (number of cases)","VC.IDP.NWDS","","","","","","","","","","","","","","","","","","","","","","","","","","","","","","","","","","","","","","","","","","","","","","","","","","","","","","1000","","","10","","","",
"Yemen, Rep.","YEM","Internally displaced persons, new displacement associated with disasters (number of cases)","VC.IDP.NWDS","","","","","","","","","","","","","","","","","","","","","","","","","","","","","","","","","","","","","","","","","","","","","","","","","22000","","1000","","","10000","","83000","45000","13","18000","",
"South Africa","ZAF","Internally displaced persons, new displacement associated with disasters (number of cases)","VC.IDP.NWDS","","","","","","","","","","","","","","","","","","","","","","","","","","","","","","","","","","","","","","","","","","","","","","","","","3500","20000","6000","52000","2000","18000","3500","14","12000","15000","2100","",
"Zambia","ZMB","Internally displaced persons, new displacement associated with disasters (number of cases)","VC.IDP.NWDS","","","","","","","","","","","","","","","","","","","","","","","","","","","","","","","","","","","","","","","","","","","","","","","","","5800","54000","150","","","5500","26000","25","","2800","21","",
"Zimbabwe","ZWE","Internally displaced persons, new displacement associated with disasters (number of cases)","VC.IDP.NWDS","","","","","","","","","","","","","","","","","","","","","","","","","","","","","","","","","","","","","","","","","","","","","","","","","","","","","","44000","23000","800","400","10000","1100","",
